{"metadata":{"usedHelpers":["inherits","possibleConstructorReturn","classCallCheck"],"marked":[],"modules":{"imports":[{"source":"react","imported":["default","Component","PropTypes"],"specifiers":[{"kind":"named","imported":"default","local":"React"},{"kind":"named","imported":"Component","local":"Component"},{"kind":"named","imported":"PropTypes","local":"PropTypes"}]},{"source":"meteor/react-meteor-data","imported":["createContainer"],"specifiers":[{"kind":"named","imported":"createContainer","local":"createContainer"}]},{"source":"../api/tasks.js","imported":["Tasks"],"specifiers":[{"kind":"named","imported":"Tasks","local":"Tasks"}]},{"source":"./Task.jsx","imported":["default"],"specifiers":[{"kind":"named","imported":"default","local":"Task"}]}],"exports":{"exported":[],"specifiers":[]}}},"options":{"filename":"/imports/ui/App.jsx","filenameRelative":"/imports/ui/App.jsx","env":{},"retainLines":false,"highlightCode":true,"suppressDeprecationMessages":false,"presets":[],"plugins":[[[],{"polyfill":false}],[[],null],[[],null],[[],null],[[],null],[[],null],[[],null],[[],null],[[],null],[[],null],[[],null],[[],null],[[],null],[[],null],[[],{"loose":true}],[[],{"loose":true}],[[],null],[[],{"loose":true}],[[],null],[[],null],[[],null],[[],null],[[],null],[[],null],[[],null],[[],{"loose":true}],[[],null],[[],null],[[],null],[[],null],[[],null],[[],null],[[],null],[[],null]],"ignore":[],"code":true,"metadata":true,"ast":false,"comments":true,"compact":false,"minified":false,"sourceMap":true,"sourceMaps":true,"sourceMapTarget":"/imports/ui/App.jsx.map","sourceFileName":"/imports/ui/App.jsx","babelrc":false,"sourceType":"module","moduleIds":false,"passPerPreset":false,"basename":"App"},"ignored":false,"code":"var _classCallCheck;module.import('babel-runtime/helpers/classCallCheck',{\"default\":function(v){_classCallCheck=v}});var _possibleConstructorReturn;module.import('babel-runtime/helpers/possibleConstructorReturn',{\"default\":function(v){_possibleConstructorReturn=v}});var _inherits;module.import('babel-runtime/helpers/inherits',{\"default\":function(v){_inherits=v}});var React,Component,PropTypes;module.import('react',{\"default\":function(v){React=v},\"Component\":function(v){Component=v},\"PropTypes\":function(v){PropTypes=v}});var createContainer;module.import('meteor/react-meteor-data',{\"createContainer\":function(v){createContainer=v}});var Tasks;module.import('../api/tasks.js',{\"Tasks\":function(v){Tasks=v}});var Task;module.import('./Task.jsx',{\"default\":function(v){Task=v}});\n\n\n\n\n\n\n\n\n\n// App component - represents the whole app\n\nvar App = function (_Component) {\n  _inherits(App, _Component);\n\n  function App() {\n    _classCallCheck(this, App);\n\n    return _possibleConstructorReturn(this, _Component.apply(this, arguments));\n  }\n\n  App.prototype.renderTasks = function renderTasks() {\n    return this.props.tasks.map(function (task) {\n      return React.createElement(Task, { key: task._id, task: task });\n    });\n  };\n\n  App.prototype.render = function render() {\n    return React.createElement(\n      'div',\n      { className: 'container' },\n      React.createElement(\n        'header',\n        null,\n        React.createElement(\n          'h1',\n          null,\n          'Todo List'\n        )\n      ),\n      React.createElement(\n        'ul',\n        null,\n        this.renderTasks()\n      )\n    );\n  };\n\n  return App;\n}(Component);\n\nApp.propTypes = {\n  tasks: PropTypes.array.isRequired\n};\n\nmodule.export(\"default\",exports.default=(createContainer(function () {\n  return {\n    tasks: Tasks.find({}).fetch()\n  };\n}, App)));","ast":null,"map":{"version":3,"sources":["/imports/ui/App.jsx"],"names":[],"mappings":";;;AAAA,OAAO,KAAP,IAAgB,SAAhB,EAA2B,SAA3B,QAA4C,OAA5C;AACA,SAAS,eAAT,QAAgC,0BAAhC;;AAEA,SAAS,KAAT,QAAsB,iBAAtB;;AAEA,OAAO,IAAP,MAAiB,YAAjB;;;;IAGM,G;;;;;;;;;gBACJ,W,0BAAc;AACZ,WAAO,KAAK,KAAL,CAAW,KAAX,CAAiB,GAAjB,CAAqB,UAAC,IAAD;AAAA,aAC1B,oBAAC,IAAD,IAAM,KAAK,KAAK,GAAhB,EAAqB,MAAM,IAA3B,GAD0B;AAAA,KAArB,CAAP;AAGD,G;;gBAED,M,qBAAS;AACP,WACE;AAAA;MAAA,EAAK,WAAU,WAAf;MACE;AAAA;QAAA;QACE;AAAA;UAAA;UAAA;AAAA;AADF,OADF;MAKE;AAAA;QAAA;QACG,KAAK,WAAL;AADH;AALF,KADF;AAWD,G;;;EAnBe,S;;AAsBlB,IAAI,SAAJ,GAAgB;AACd,SAAO,UAAU,KAAV,CAAgB;AADT,CAAhB;;AAIA,eAAe,gBAAgB,YAAM;AACnC,SAAO;AACL,WAAO,MAAM,IAAN,CAAW,EAAX,EAAe,KAAf;AADF,GAAP;AAGD,CAJc,EAIZ,GAJY,CAAf","file":"/imports/ui/App.jsx.map","sourcesContent":["import React, { Component, PropTypes } from 'react';\nimport { createContainer } from 'meteor/react-meteor-data';\n\nimport { Tasks } from '../api/tasks.js';\n\nimport Task from './Task.jsx';\n\n// App component - represents the whole app\nclass App extends Component {\n  renderTasks() {\n    return this.props.tasks.map((task) => (\n      <Task key={task._id} task={task} />\n    ));\n  }\n\n  render() {\n    return (\n      <div className=\"container\">\n        <header>\n          <h1>Todo List</h1>\n        </header>\n\n        <ul>\n          {this.renderTasks()}\n        </ul>\n      </div>\n    );\n  }\n}\n\nApp.propTypes = {\n  tasks: PropTypes.array.isRequired,\n};\n\nexport default createContainer(() => {\n  return {\n    tasks: Tasks.find({}).fetch(),\n  };\n}, App);\n"]},"hash":"05c3ab057f0f9b7ef1e6753698b770833627a98f"}
