{"metadata":{"usedHelpers":["inherits","possibleConstructorReturn","classCallCheck"],"marked":[],"modules":{"imports":[{"source":"react","imported":["default","Component","PropTypes"],"specifiers":[{"kind":"named","imported":"default","local":"React"},{"kind":"named","imported":"Component","local":"Component"},{"kind":"named","imported":"PropTypes","local":"PropTypes"}]},{"source":"react-dom","imported":["default"],"specifiers":[{"kind":"named","imported":"default","local":"ReactDOM"}]},{"source":"meteor/react-meteor-data","imported":["createContainer"],"specifiers":[{"kind":"named","imported":"createContainer","local":"createContainer"}]},{"source":"../api/tasks.js","imported":["Tasks"],"specifiers":[{"kind":"named","imported":"Tasks","local":"Tasks"}]},{"source":"./Task.jsx","imported":["default"],"specifiers":[{"kind":"named","imported":"default","local":"Task"}]}],"exports":{"exported":[],"specifiers":[]}}},"options":{"filename":"/imports/ui/App.jsx","filenameRelative":"/imports/ui/App.jsx","env":{},"retainLines":false,"highlightCode":true,"suppressDeprecationMessages":false,"presets":[],"plugins":[[[],{"polyfill":false}],[[],null],[[],null],[[],null],[[],null],[[],null],[[],null],[[],null],[[],null],[[],null],[[],null],[[],null],[[],null],[[],null],[[],{"loose":true}],[[],{"loose":true}],[[],null],[[],{"loose":true}],[[],null],[[],null],[[],null],[[],null],[[],null],[[],null],[[],null],[[],{"loose":true}],[[],null],[[],null],[[],null],[[],null],[[],null],[[],null],[[],null],[[],null]],"ignore":[],"code":true,"metadata":true,"ast":false,"comments":true,"compact":false,"minified":false,"sourceMap":true,"sourceMaps":true,"sourceMapTarget":"/imports/ui/App.jsx.map","sourceFileName":"/imports/ui/App.jsx","babelrc":false,"sourceType":"module","moduleIds":false,"passPerPreset":false,"basename":"App"},"ignored":false,"code":"var _classCallCheck;module.import('babel-runtime/helpers/classCallCheck',{\"default\":function(v){_classCallCheck=v}});var _possibleConstructorReturn;module.import('babel-runtime/helpers/possibleConstructorReturn',{\"default\":function(v){_possibleConstructorReturn=v}});var _inherits;module.import('babel-runtime/helpers/inherits',{\"default\":function(v){_inherits=v}});var React,Component,PropTypes;module.import('react',{\"default\":function(v){React=v},\"Component\":function(v){Component=v},\"PropTypes\":function(v){PropTypes=v}});var ReactDOM;module.import('react-dom',{\"default\":function(v){ReactDOM=v}});var createContainer;module.import('meteor/react-meteor-data',{\"createContainer\":function(v){createContainer=v}});var Tasks;module.import('../api/tasks.js',{\"Tasks\":function(v){Tasks=v}});var Task;module.import('./Task.jsx',{\"default\":function(v){Task=v}});\n\n\n\n\n\n\n\n\n\n\n// App component - represents the whole app\n\nvar App = function (_Component) {\n  _inherits(App, _Component);\n\n  function App() {\n    _classCallCheck(this, App);\n\n    return _possibleConstructorReturn(this, _Component.apply(this, arguments));\n  }\n\n  App.prototype.handleSubmit = function handleSubmit(event) {\n    event.preventDefault();\n\n    // Find the text field via the React ref\n    var text = ReactDOM.findDOMNode(this.refs.textInput).value.trim();\n\n    Tasks.insert({\n      text: text,\n      createdAt: new Date() });\n\n    // Clear form\n    // current time\n    ReactDOM.findDOMNode(this.refs.textInput).value = '';\n  };\n\n  App.prototype.renderTasks = function renderTasks() {\n    return this.props.tasks.map(function (task) {\n      return React.createElement(Task, { key: task._id, task: task });\n    });\n  };\n\n  App.prototype.render = function render() {\n    return React.createElement(\n      'div',\n      { className: 'container' },\n      React.createElement(\n        'header',\n        null,\n        React.createElement(\n          'h1',\n          null,\n          'Todo List'\n        ),\n        React.createElement(\n          'form',\n          { className: 'new-task', onSubmit: this.handleSubmit.bind(this) },\n          React.createElement('input', {\n            type: 'text',\n            ref: 'textInput',\n            placeholder: 'Type to add new tasks'\n          })\n        )\n      ),\n      React.createElement(\n        'ul',\n        null,\n        this.renderTasks()\n      )\n    );\n  };\n\n  return App;\n}(Component);\n\nApp.propTypes = {\n  tasks: PropTypes.array.isRequired\n};\n\nmodule.export(\"default\",exports.default=(createContainer(function () {\n  return {\n    tasks: Tasks.find({}, { sort: { createdAt: -1 } }).fetch()\n  };\n}, App)));","ast":null,"map":{"version":3,"sources":["/imports/ui/App.jsx"],"names":[],"mappings":";;;AAAA,OAAO,KAAP,IAAgB,SAAhB,EAA2B,SAA3B,QAA4C,OAA5C;AACA,OAAO,QAAP,MAAqB,WAArB;AACA,SAAS,eAAT,QAAgC,0BAAhC;;AAEA,SAAS,KAAT,QAAsB,iBAAtB;;AAEA,OAAO,IAAP,MAAiB,YAAjB;;;;IAGM,G;;;;;;;;;gBAEJ,Y,yBAAa,K,EAAO;AAClB,UAAM,cAAN;;;AAGA,QAAM,OAAO,SAAS,WAAT,CAAqB,KAAK,IAAL,CAAU,SAA/B,EAA0C,KAA1C,CAAgD,IAAhD,EAAb;;AAEA,UAAM,MAAN,CAAa;AACX,gBADW;AAEX,iBAAW,IAAI,IAAJ,EAFA,EAAb;;;;AAMA,aAAS,WAAT,CAAqB,KAAK,IAAL,CAAU,SAA/B,EAA0C,KAA1C,GAAkD,EAAlD;AACD,G;;gBAED,W,0BAAc;AACZ,WAAO,KAAK,KAAL,CAAW,KAAX,CAAiB,GAAjB,CAAqB,UAAC,IAAD;AAAA,aAC1B,oBAAC,IAAD,IAAM,KAAK,KAAK,GAAhB,EAAqB,MAAM,IAA3B,GAD0B;AAAA,KAArB,CAAP;AAGD,G;;gBAED,M,qBAAS;AACP,WACE;AAAA;MAAA,EAAK,WAAU,WAAf;MACE;AAAA;QAAA;QACE;AAAA;UAAA;UAAA;AAAA,SADF;QAGE;AAAA;UAAA,EAAM,WAAU,UAAhB,EAA2B,UAAU,KAAK,YAAL,CAAkB,IAAlB,CAAuB,IAAvB,CAArC;UACE;AACE,kBAAK,MADP;AAEE,iBAAI,WAFN;AAGE,yBAAY;AAHd;AADF;AAHF,OADF;MAaE;AAAA;QAAA;QACG,KAAK,WAAL;AADH;AAbF,KADF;AAmBD,G;;;EA3Ce,S;;AA8ClB,IAAI,SAAJ,GAAgB;AACd,SAAO,UAAU,KAAV,CAAgB;AADT,CAAhB;;AAIA,eAAe,gBAAgB,YAAM;AACnC,SAAO;AACL,WAAO,MAAM,IAAN,CAAW,EAAX,EAAe,EAAE,MAAM,EAAE,WAAW,CAAC,CAAd,EAAR,EAAf,EAA4C,KAA5C;AADF,GAAP;AAGD,CAJc,EAIZ,GAJY,CAAf","file":"/imports/ui/App.jsx.map","sourcesContent":["import React, { Component, PropTypes } from 'react';\nimport ReactDOM from 'react-dom';\nimport { createContainer } from 'meteor/react-meteor-data';\n\nimport { Tasks } from '../api/tasks.js';\n\nimport Task from './Task.jsx';\n\n// App component - represents the whole app\nclass App extends Component {\n\n  handleSubmit(event) {\n    event.preventDefault();\n\n    // Find the text field via the React ref\n    const text = ReactDOM.findDOMNode(this.refs.textInput).value.trim();\n\n    Tasks.insert({\n      text,\n      createdAt: new Date(), // current time\n    });\n\n    // Clear form\n    ReactDOM.findDOMNode(this.refs.textInput).value = '';\n  }\n\n  renderTasks() {\n    return this.props.tasks.map((task) => (\n      <Task key={task._id} task={task} />\n    ));\n  }\n\n  render() {\n    return (\n      <div className=\"container\">\n        <header>\n          <h1>Todo List</h1>\n\n          <form className=\"new-task\" onSubmit={this.handleSubmit.bind(this)} >\n            <input\n              type=\"text\"\n              ref=\"textInput\"\n              placeholder=\"Type to add new tasks\"\n            />\n          </form>\n        </header>\n\n        <ul>\n          {this.renderTasks()}\n        </ul>\n      </div>\n    );\n  }\n}\n\nApp.propTypes = {\n  tasks: PropTypes.array.isRequired,\n};\n\nexport default createContainer(() => {\n  return {\n    tasks: Tasks.find({}, { sort: { createdAt: -1 } }).fetch(),\n  };\n}, App);\n"]},"hash":"0c961019fc987e44e93df857e0440854f4ccb355"}
