{"metadata":{"usedHelpers":[],"marked":[],"modules":{"imports":[{"source":"meteor/tmeasday:check-npm-versions","imported":["checkNpmVersions"],"specifiers":[{"kind":"named","imported":"checkNpmVersions","local":"checkNpmVersions"}]}],"exports":{"exported":["createContainer","ReactMeteorData"],"specifiers":[{"kind":"local","local":"createContainer","exported":"createContainer"},{"kind":"local","local":"ReactMeteorData","exported":"ReactMeteorData"}]}}},"options":{"filename":"/packages/react-meteor-data/react-meteor-data.jsx","filenameRelative":"/packages/react-meteor-data/react-meteor-data.jsx","env":{},"retainLines":false,"highlightCode":true,"suppressDeprecationMessages":false,"presets":[],"plugins":[[[],{"polyfill":false}],[[],null],[[],null],[[],{"allowTopLevelThis":true,"strict":false,"loose":true}],[[],null],[[],null],[[],null],[[],null],[[],null],[[],null],[[],null],[[],null],[[],null],[[],null],[[],null],[[],null],[[],null],[[],{"loose":true}],[[],{"loose":true}],[[],null],[[],{"loose":true}],[[],null],[[],null],[[],null],[[],null],[[],null],[[],null],[[],null],[[],{"loose":true}],[[],null],[[],null],[[],null],[[],null],[[],null],[[],null],[[],null],[[],null]],"ignore":[],"code":true,"metadata":true,"ast":false,"comments":true,"compact":false,"minified":false,"sourceMap":true,"sourceMaps":true,"sourceMapTarget":"/packages/react-meteor-data/react-meteor-data.jsx.map","sourceFileName":"/packages/react-meteor-data/react-meteor-data.jsx","babelrc":false,"sourceType":"module","moduleIds":false,"passPerPreset":false,"basename":"react-meteor-data"},"ignored":false,"code":"exports.__esModule = true;\nexports.ReactMeteorData = exports.createContainer = undefined;\n\nvar _tmeasdayCheckNpmVersions = require('meteor/tmeasday:check-npm-versions');\n\n(0, _tmeasdayCheckNpmVersions.checkNpmVersions)({\n  react: '15.x',\n  'react-addons-pure-render-mixin': '15.x'\n}, 'react-meteor-data');\n\nvar createContainer = require('./createContainer.jsx')['default'];\nvar ReactMeteorData = require('./ReactMeteorData.jsx')['default'];\n\nexports.createContainer = createContainer;\nexports.ReactMeteorData = ReactMeteorData;","ast":null,"map":{"version":3,"sources":["/packages/react-meteor-data/react-meteor-data.jsx"],"names":[],"mappings":";;;AAAA;;AACA,gDAAiB;AACf,SAAO,MADQ;AAEf,oCAAkC;AAFnB,CAAjB,EAGG,mBAHH;;AAKA,IAAM,kBAAkB,QAAQ,uBAAR,YAAxB;AACA,IAAM,kBAAkB,QAAQ,uBAAR,YAAxB;;QAES,e,GAAA,e;QAAiB,e,GAAA,e","file":"/packages/react-meteor-data/react-meteor-data.jsx.map","sourcesContent":["import { checkNpmVersions } from 'meteor/tmeasday:check-npm-versions';\ncheckNpmVersions({\n  react: '15.x',\n  'react-addons-pure-render-mixin': '15.x',\n}, 'react-meteor-data');\n\nconst createContainer = require('./createContainer.jsx').default;\nconst ReactMeteorData = require('./ReactMeteorData.jsx').default;\n\nexport { createContainer, ReactMeteorData };\n"]},"hash":"109174ee1a3e3f4bb88da271efe9634121c28c8f"}
