{"metadata":{"usedHelpers":["extends","interopRequireDefault"],"marked":[],"modules":{"imports":[{"source":"react","imported":["default"],"specifiers":[{"kind":"named","imported":"default","local":"React"}]},{"source":"react-addons-pure-render-mixin","imported":["default"],"specifiers":[{"kind":"named","imported":"default","local":"PureRenderMixin"}]},{"source":"./ReactMeteorData.jsx","imported":["default"],"specifiers":[{"kind":"named","imported":"default","local":"ReactMeteorData"}]}],"exports":{"exported":["createContainer","Component","options"],"specifiers":[{"kind":"local","local":"createContainer","exported":"default"},{"kind":"local","local":"Component","exported":"default"},{"kind":"local","local":"options","exported":"default"}]}}},"options":{"filename":"/packages/react-meteor-data/createContainer.jsx","filenameRelative":"/packages/react-meteor-data/createContainer.jsx","env":{},"retainLines":false,"highlightCode":true,"suppressDeprecationMessages":false,"presets":[],"plugins":[[[],{"polyfill":false}],[[],{"allowTopLevelThis":true,"strict":false,"loose":true}],[[],null],[[],null],[[],null],[[],null],[[],null],[[],null],[[],null],[[],null],[[],null],[[],null],[[],null],[[],null],[[],null],[[],{"loose":true}],[[],{"loose":true}],[[],null],[[],{"loose":true}],[[],null],[[],null],[[],null],[[],null],[[],null],[[],null],[[],null],[[],{"loose":true}],[[],null],[[],null],[[],null],[[],null],[[],null],[[],null],[[],null],[[],null]],"ignore":[],"code":true,"metadata":true,"ast":false,"comments":true,"compact":false,"minified":false,"sourceMap":true,"sourceMaps":true,"sourceMapTarget":"/packages/react-meteor-data/createContainer.jsx.map","sourceFileName":"/packages/react-meteor-data/createContainer.jsx","babelrc":false,"sourceType":"module","moduleIds":false,"passPerPreset":false,"basename":"createContainer"},"ignored":false,"code":"exports.__esModule = true;\nexports['default'] = undefined;\n\nvar _extends2 = require('babel-runtime/helpers/extends');\n\nvar _extends3 = _interopRequireDefault(_extends2);\n\nvar _react = require('react');\n\nvar _react2 = _interopRequireDefault(_react);\n\nvar _reactAddonsPureRenderMixin = require('react-addons-pure-render-mixin');\n\nvar _reactAddonsPureRenderMixin2 = _interopRequireDefault(_reactAddonsPureRenderMixin);\n\nvar _ReactMeteorData = require('./ReactMeteorData.jsx');\n\nvar _ReactMeteorData2 = _interopRequireDefault(_ReactMeteorData);\n\nfunction _interopRequireDefault(obj) { return obj && obj.__esModule ? obj : { 'default': obj }; }\n\nfunction createContainer() {\n  var options = arguments.length <= 0 || arguments[0] === undefined ? {} : arguments[0];\n  var Component = arguments[1];\n\n  var expandedOptions = options;\n  if (typeof options === 'function') {\n    expandedOptions = {\n      getMeteorData: options\n    };\n  }\n\n  var _expandedOptions = expandedOptions;\n  var _getMeteorData = _expandedOptions.getMeteorData;\n  var _expandedOptions$pure = _expandedOptions.pure;\n  var pure = _expandedOptions$pure === undefined ? true : _expandedOptions$pure;\n\n\n  var mixins = [_ReactMeteorData2['default']];\n  if (pure) {\n    mixins.push(_reactAddonsPureRenderMixin2['default']);\n  }\n\n  /* eslint-disable react/prefer-es6-class */\n  return _react2['default'].createClass({\n    displayName: 'MeteorDataContainer',\n    mixins: mixins,\n    getMeteorData: function getMeteorData() {\n      return _getMeteorData(this.props);\n    },\n    render: function render() {\n      return _react2['default'].createElement(Component, (0, _extends3['default'])({}, this.props, this.data));\n    }\n  });\n} /**\n   * Container helper using react-meteor-data.\n   */\n\nexports['default'] = createContainer;","ast":null,"map":{"version":3,"sources":["/packages/react-meteor-data/createContainer.jsx"],"names":[],"mappings":";;;;;;;AAIA;;;;AACA;;;;AAEA;;;;;;AAEe,SAAS,eAAT,GAAkD;AAAA,MAAzB,OAAyB,yDAAf,EAAe;AAAA,MAAX,SAAW;;AAC/D,MAAI,kBAAkB,OAAtB;AACA,MAAI,OAAO,OAAP,KAAmB,UAAvB,EAAmC;AACjC,sBAAkB;AAChB,qBAAe;AADC,KAAlB;AAGD;;AAN8D,yBAW3D,eAX2D;AAAA,MAS7D,cAT6D,oBAS7D,aAT6D;AAAA,+CAU7D,IAV6D;AAAA,MAU7D,IAV6D,yCAUtD,IAVsD;;;AAa/D,MAAM,SAAS,8BAAf;AACA,MAAI,IAAJ,EAAU;AACR,WAAO,IAAP;AACD;;;AAGD,SAAO,mBAAM,WAAN,CAAkB;AACvB,iBAAa,qBADU;AAEvB,kBAFuB;AAGvB,iBAHuB,2BAGP;AACd,aAAO,eAAc,KAAK,KAAnB,CAAP;AACD,KALsB;AAMvB,UANuB,oBAMd;AACP,aAAO,iCAAC,SAAD,gCAAe,KAAK,KAApB,EAA+B,KAAK,IAApC,EAAP;AACD;AARsB,GAAlB,CAAP;AAUD,C","file":"/packages/react-meteor-data/createContainer.jsx.map","sourcesContent":["/**\n * Container helper using react-meteor-data.\n */\n\nimport React from 'react';\nimport PureRenderMixin from 'react-addons-pure-render-mixin';\n\nimport ReactMeteorData from './ReactMeteorData.jsx';\n\nexport default function createContainer(options = {}, Component) {\n  let expandedOptions = options;\n  if (typeof options === 'function') {\n    expandedOptions = {\n      getMeteorData: options,\n    };\n  }\n\n  const {\n    getMeteorData,\n    pure = true,\n  } = expandedOptions;\n\n  const mixins = [ReactMeteorData];\n  if (pure) {\n    mixins.push(PureRenderMixin);\n  }\n\n  /* eslint-disable react/prefer-es6-class */\n  return React.createClass({\n    displayName: 'MeteorDataContainer',\n    mixins,\n    getMeteorData() {\n      return getMeteorData(this.props);\n    },\n    render() {\n      return <Component {...this.props} {...this.data} />;\n    },\n  });\n}\n"]},"hash":"17400b7dc84c9182a42c62bfaccb87c9997533ce"}
