{"metadata":{"usedHelpers":["inherits","possibleConstructorReturn","classCallCheck"],"marked":[],"modules":{"imports":[{"source":"react","imported":["default","Component","PropTypes"],"specifiers":[{"kind":"named","imported":"default","local":"React"},{"kind":"named","imported":"Component","local":"Component"},{"kind":"named","imported":"PropTypes","local":"PropTypes"}]},{"source":"../api/tasks.js","imported":["Tasks"],"specifiers":[{"kind":"named","imported":"Tasks","local":"Tasks"}]}],"exports":{"exported":["Task"],"specifiers":[{"kind":"local","local":"Task","exported":"default"}]}}},"options":{"filename":"/imports/ui/Task.jsx","filenameRelative":"/imports/ui/Task.jsx","env":{},"retainLines":false,"highlightCode":true,"suppressDeprecationMessages":false,"presets":[],"plugins":[[[],{"polyfill":false}],[[],null],[[],null],[[],null],[[],null],[[],null],[[],null],[[],null],[[],null],[[],null],[[],null],[[],null],[[],null],[[],null],[[],{"loose":true}],[[],{"loose":true}],[[],null],[[],{"loose":true}],[[],null],[[],null],[[],null],[[],null],[[],null],[[],null],[[],null],[[],{"loose":true}],[[],null],[[],null],[[],null],[[],null],[[],null],[[],null],[[],null],[[],null]],"ignore":[],"code":true,"metadata":true,"ast":false,"comments":true,"compact":false,"minified":false,"sourceMap":true,"sourceMaps":true,"sourceMapTarget":"/imports/ui/Task.jsx.map","sourceFileName":"/imports/ui/Task.jsx","babelrc":false,"sourceType":"module","moduleIds":false,"passPerPreset":false,"basename":"Task"},"ignored":false,"code":"var _classCallCheck;module.import('babel-runtime/helpers/classCallCheck',{\"default\":function(v){_classCallCheck=v}});var _possibleConstructorReturn;module.import('babel-runtime/helpers/possibleConstructorReturn',{\"default\":function(v){_possibleConstructorReturn=v}});var _inherits;module.import('babel-runtime/helpers/inherits',{\"default\":function(v){_inherits=v}});var React,Component,PropTypes;module.import('react',{\"default\":function(v){React=v},\"Component\":function(v){Component=v},\"PropTypes\":function(v){PropTypes=v}});var Tasks;module.import('../api/tasks.js',{\"Tasks\":function(v){Tasks=v}});\n\n\n\n\n\n// Task component - represents a single todo item\n\nvar Task = function (_Component) {\n  _inherits(Task, _Component);\n\n  function Task() {\n    _classCallCheck(this, Task);\n\n    return _possibleConstructorReturn(this, _Component.apply(this, arguments));\n  }\n\n  Task.prototype.toggleChecked = function toggleChecked() {\n    // Set the checked property to the opposite of its current value\n    Tasks.update(this.props.task._id, {\n      $set: { checked: !this.props.task.checked }\n    });\n  };\n\n  Task.prototype.deleteThisTask = function deleteThisTask() {\n    Tasks.remove(this.props.task._id);\n  };\n\n  Task.prototype.render = function render() {\n\n    // Give tasks a different className when they are checked off,\n    // so that we can style them nicely in CSS\n    var taskClassName = this.props.task.checked ? 'checked' : '';\n\n    return React.createElement(\n      'li',\n      { className: taskClassName },\n      React.createElement(\n        'button',\n        { className: 'delete', onClick: this.deleteThisTask.bind(this) },\n        '×'\n      ),\n      React.createElement('input', {\n        type: 'checkbox',\n        readOnly: true,\n        checked: this.props.task.checked,\n        onClick: this.toggleChecked.bind(this)\n      }),\n      React.createElement(\n        'span',\n        { className: 'text' },\n        this.props.task.text\n      )\n    );\n  };\n\n  return Task;\n}(Component);\n\nmodule.export(\"default\",exports.default=(Task));\n\n\nTask.propTypes = {\n  // This component gets the task to display through a React prop.\n  // We can use propTypes to indicate it is required\n  task: PropTypes.object.isRequired\n};","ast":null,"map":{"version":3,"sources":["/imports/ui/Task.jsx"],"names":[],"mappings":";;;AAAA,OAAO,KAAP,IAAgB,SAAhB,EAA2B,SAA3B,QAA4C,OAA5C;AACA,SAAS,KAAT,QAAsB,iBAAtB;;;;IAGqB,I;;;;;;;;;iBAEnB,a,4BAAgB;;AAEd,UAAM,MAAN,CAAa,KAAK,KAAL,CAAW,IAAX,CAAgB,GAA7B,EAAkC;AAChC,YAAM,EAAE,SAAS,CAAC,KAAK,KAAL,CAAW,IAAX,CAAgB,OAA5B;AAD0B,KAAlC;AAGD,G;;iBAED,c,6BAAiB;AACf,UAAM,MAAN,CAAa,KAAK,KAAL,CAAW,IAAX,CAAgB,GAA7B;AACD,G;;iBAED,M,qBAAS;;;;AAIP,QAAM,gBAAgB,KAAK,KAAL,CAAW,IAAX,CAAgB,OAAhB,GAA0B,SAA1B,GAAsC,EAA5D;;AAEA,WACE;AAAA;MAAA,EAAI,WAAW,aAAf;MACE;AAAA;QAAA,EAAQ,WAAU,QAAlB,EAA2B,SAAS,KAAK,cAAL,CAAoB,IAApB,CAAyB,IAAzB,CAApC;QAAA;AAAA,OADF;MAKE;AACE,cAAK,UADP;AAEE,sBAFF;AAGE,iBAAS,KAAK,KAAL,CAAW,IAAX,CAAgB,OAH3B;AAIE,iBAAS,KAAK,aAAL,CAAmB,IAAnB,CAAwB,IAAxB;AAJX,QALF;MAYE;AAAA;QAAA,EAAM,WAAU,MAAhB;QAAwB,KAAK,KAAL,CAAW,IAAX,CAAgB;AAAxC;AAZF,KADF;AAgBD,G;;;EAnC+B,S;;eAAb,I;;;AAsCrB,KAAK,SAAL,GAAiB;;;AAGf,QAAM,UAAU,MAAV,CAAiB;AAHR,CAAjB","file":"/imports/ui/Task.jsx.map","sourcesContent":["import React, { Component, PropTypes } from 'react';\nimport { Tasks } from '../api/tasks.js';\n\n// Task component - represents a single todo item\nexport default class Task extends Component {\n\n  toggleChecked() {\n    // Set the checked property to the opposite of its current value\n    Tasks.update(this.props.task._id, {\n      $set: { checked: !this.props.task.checked },\n    });\n  }\n\n  deleteThisTask() {\n    Tasks.remove(this.props.task._id);\n  }\n\n  render() {\n\n    // Give tasks a different className when they are checked off,\n    // so that we can style them nicely in CSS\n    const taskClassName = this.props.task.checked ? 'checked' : '';\n\n    return (\n      <li className={taskClassName}>\n        <button className=\"delete\" onClick={this.deleteThisTask.bind(this)}>\n          &times;\n        </button>\n\n        <input\n          type=\"checkbox\"\n          readOnly\n          checked={this.props.task.checked}\n          onClick={this.toggleChecked.bind(this)}\n        />\n\n        <span className=\"text\">{this.props.task.text}</span>\n      </li>\n    );\n  }\n}\n\nTask.propTypes = {\n  // This component gets the task to display through a React prop.\n  // We can use propTypes to indicate it is required\n  task: PropTypes.object.isRequired,\n};\n"]},"hash":"2642fa7019f835a56edc5292effa8d13227dc513"}
