{"metadata":{"usedHelpers":[],"marked":[],"modules":{"imports":[],"exports":{"exported":[],"specifiers":[]}}},"options":{"filename":"/packages/random/deprecated.js","filenameRelative":"/packages/random/deprecated.js","env":{},"retainLines":false,"highlightCode":true,"suppressDeprecationMessages":false,"presets":[],"plugins":[[[],{"polyfill":false}],[[],{"allowTopLevelThis":true,"strict":false,"loose":true}],[[],null],[[],null],[[],null],[[],null],[[],null],[[],null],[[],null],[[],null],[[],null],[[],null],[[],null],[[],null],[[],null],[[],{"loose":true}],[[],{"loose":true}],[[],null],[[],{"loose":true}],[[],null],[[],null],[[],null],[[],null],[[],null],[[],null],[[],null],[[],{"loose":true}],[[],null],[[],null],[[],null],[[],null],[[],null],[[],null],[[],null],[[],null]],"ignore":[],"code":true,"metadata":true,"ast":false,"comments":true,"compact":false,"minified":false,"sourceMap":true,"sourceMaps":true,"sourceMapTarget":"/packages/random/deprecated.js.map","sourceFileName":"/packages/random/deprecated.js","babelrc":false,"sourceType":"module","moduleIds":false,"passPerPreset":false,"basename":"deprecated"},"ignored":false,"code":"// Before this package existed, we used to use this Meteor.uuid()\n// implementing the RFC 4122 v4 UUID. It is no longer documented\n// and will go away.\n// XXX COMPAT WITH 0.5.6\nMeteor.uuid = function () {\n  var HEX_DIGITS = \"0123456789abcdef\";\n  var s = [];\n  for (var i = 0; i < 36; i++) {\n    s[i] = Random.choice(HEX_DIGITS);\n  }\n  s[14] = \"4\";\n  s[19] = HEX_DIGITS.substr(parseInt(s[19], 16) & 0x3 | 0x8, 1);\n  s[8] = s[13] = s[18] = s[23] = \"-\";\n\n  var uuid = s.join(\"\");\n  return uuid;\n};","ast":null,"map":{"version":3,"sources":["/packages/random/deprecated.js"],"names":[],"mappings":";;;;AAIA,OAAO,IAAP,GAAc,YAAY;AACxB,MAAI,aAAa,kBAAjB;AACA,MAAI,IAAI,EAAR;AACA,OAAK,IAAI,IAAI,CAAb,EAAgB,IAAI,EAApB,EAAwB,GAAxB,EAA6B;AAC3B,MAAE,CAAF,IAAO,OAAO,MAAP,CAAc,UAAd,CAAP;AACD;AACD,IAAE,EAAF,IAAQ,GAAR;AACA,IAAE,EAAF,IAAQ,WAAW,MAAX,CAAmB,SAAS,EAAE,EAAF,CAAT,EAAe,EAAf,IAAqB,GAAtB,GAA6B,GAA/C,EAAoD,CAApD,CAAR;AACA,IAAE,CAAF,IAAO,EAAE,EAAF,IAAQ,EAAE,EAAF,IAAQ,EAAE,EAAF,IAAQ,GAA/B;;AAEA,MAAI,OAAO,EAAE,IAAF,CAAO,EAAP,CAAX;AACA,SAAO,IAAP;AACD,CAZD","file":"/packages/random/deprecated.js.map","sourcesContent":["// Before this package existed, we used to use this Meteor.uuid()\n// implementing the RFC 4122 v4 UUID. It is no longer documented\n// and will go away.\n// XXX COMPAT WITH 0.5.6\nMeteor.uuid = function () {\n  var HEX_DIGITS = \"0123456789abcdef\";\n  var s = [];\n  for (var i = 0; i < 36; i++) {\n    s[i] = Random.choice(HEX_DIGITS);\n  }\n  s[14] = \"4\";\n  s[19] = HEX_DIGITS.substr((parseInt(s[19],16) & 0x3) | 0x8, 1);\n  s[8] = s[13] = s[18] = s[23] = \"-\";\n\n  var uuid = s.join(\"\");\n  return uuid;\n};\n"]},"hash":"350651695ca3e8698e7a84b662f71bea04771f70"}
