{"metadata":{"usedHelpers":["inherits","possibleConstructorReturn","classCallCheck"],"marked":[],"modules":{"imports":[{"source":"react","imported":["default","Component"],"specifiers":[{"kind":"named","imported":"default","local":"React"},{"kind":"named","imported":"Component","local":"Component"}]},{"source":"./Task.jsx","imported":["default"],"specifiers":[{"kind":"named","imported":"default","local":"Task"}]}],"exports":{"exported":["App"],"specifiers":[{"kind":"local","local":"App","exported":"default"}]}}},"options":{"filename":"/imports/ui/App.jsx","filenameRelative":"/imports/ui/App.jsx","env":{},"retainLines":false,"highlightCode":true,"suppressDeprecationMessages":false,"presets":[],"plugins":[[[],{"polyfill":false}],[[],null],[[],null],[[],null],[[],null],[[],null],[[],null],[[],null],[[],null],[[],null],[[],null],[[],null],[[],null],[[],null],[[],{"loose":true}],[[],{"loose":true}],[[],null],[[],{"loose":true}],[[],null],[[],null],[[],null],[[],null],[[],null],[[],null],[[],null],[[],{"loose":true}],[[],null],[[],null],[[],null],[[],null],[[],null],[[],null],[[],null],[[],null]],"ignore":[],"code":true,"metadata":true,"ast":false,"comments":true,"compact":false,"minified":false,"sourceMap":true,"sourceMaps":true,"sourceMapTarget":"/imports/ui/App.jsx.map","sourceFileName":"/imports/ui/App.jsx","babelrc":false,"sourceType":"module","moduleIds":false,"passPerPreset":false,"basename":"App"},"ignored":false,"code":"var _classCallCheck;module.import('babel-runtime/helpers/classCallCheck',{\"default\":function(v){_classCallCheck=v}});var _possibleConstructorReturn;module.import('babel-runtime/helpers/possibleConstructorReturn',{\"default\":function(v){_possibleConstructorReturn=v}});var _inherits;module.import('babel-runtime/helpers/inherits',{\"default\":function(v){_inherits=v}});var React,Component;module.import('react',{\"default\":function(v){React=v},\"Component\":function(v){Component=v}});var Task;module.import('./Task.jsx',{\"default\":function(v){Task=v}});\n\n\n\n\n\n\n// App component - represents the whole app\n\nvar App = function (_Component) {\n  _inherits(App, _Component);\n\n  function App() {\n    _classCallCheck(this, App);\n\n    return _possibleConstructorReturn(this, _Component.apply(this, arguments));\n  }\n\n  App.prototype.getTasks = function getTasks() {\n    return [{ _id: 1, text: 'This is task 1' }, { _id: 2, text: 'This is task 2' }, { _id: 3, text: 'This is task 3' }];\n  };\n\n  App.prototype.renderTasks = function renderTasks() {\n    return this.getTasks().map(function (task) {\n      return React.createElement(Task, { key: task._id, task: task });\n    });\n  };\n\n  App.prototype.render = function render() {\n    return React.createElement(\n      'div',\n      { className: 'container' },\n      React.createElement(\n        'header',\n        null,\n        React.createElement(\n          'h1',\n          null,\n          'Todo List'\n        )\n      ),\n      React.createElement(\n        'ul',\n        null,\n        this.renderTasks()\n      )\n    );\n  };\n\n  return App;\n}(Component);\n\nmodule.export(\"default\",exports.default=(App));","ast":null,"map":{"version":3,"sources":["/imports/ui/App.jsx"],"names":[],"mappings":";;;AAAA,OAAO,KAAP,IAAgB,SAAhB,QAAiC,OAAjC;;AAEA,OAAO,IAAP,MAAiB,YAAjB;;;;IAGqB,G;;;;;;;;;gBACnB,Q,uBAAW;AACT,WAAO,CACL,EAAE,KAAK,CAAP,EAAU,MAAM,gBAAhB,EADK,EAEL,EAAE,KAAK,CAAP,EAAU,MAAM,gBAAhB,EAFK,EAGL,EAAE,KAAK,CAAP,EAAU,MAAM,gBAAhB,EAHK,CAAP;AAKD,G;;gBAED,W,0BAAc;AACZ,WAAO,KAAK,QAAL,GAAgB,GAAhB,CAAoB,UAAC,IAAD;AAAA,aACzB,oBAAC,IAAD,IAAM,KAAK,KAAK,GAAhB,EAAqB,MAAM,IAA3B,GADyB;AAAA,KAApB,CAAP;AAGD,G;;gBAED,M,qBAAS;AACP,WACE;AAAA;MAAA,EAAK,WAAU,WAAf;MACE;AAAA;QAAA;QACE;AAAA;UAAA;UAAA;AAAA;AADF,OADF;MAKE;AAAA;QAAA;QACG,KAAK,WAAL;AADH;AALF,KADF;AAWD,G;;;EA3B8B,S;;eAAZ,G","file":"/imports/ui/App.jsx.map","sourcesContent":["import React, { Component } from 'react';\n\nimport Task from './Task.jsx';\n\n// App component - represents the whole app\nexport default class App extends Component {\n  getTasks() {\n    return [\n      { _id: 1, text: 'This is task 1' },\n      { _id: 2, text: 'This is task 2' },\n      { _id: 3, text: 'This is task 3' },\n    ];\n  }\n\n  renderTasks() {\n    return this.getTasks().map((task) => (\n      <Task key={task._id} task={task} />\n    ));\n  }\n\n  render() {\n    return (\n      <div className=\"container\">\n        <header>\n          <h1>Todo List</h1>\n        </header>\n\n        <ul>\n          {this.renderTasks()}\n        </ul>\n      </div>\n    );\n  }\n}\n"]},"hash":"98d0255422c28411923d69b95925bb1e23addf1e"}
