{"metadata":{"usedHelpers":[],"marked":[],"modules":{"imports":[],"exports":{"exported":[],"specifiers":[]}}},"options":{"filename":"/packages/webapp/webapp_client.js","filenameRelative":"/packages/webapp/webapp_client.js","env":{},"retainLines":false,"highlightCode":true,"suppressDeprecationMessages":false,"presets":[],"plugins":[[[],{"polyfill":false}],[[],{"allowTopLevelThis":true,"strict":false,"loose":true}],[[],null],[[],null],[[],null],[[],null],[[],null],[[],null],[[],null],[[],null],[[],null],[[],null],[[],null],[[],null],[[],null],[[],{"loose":true}],[[],{"loose":true}],[[],null],[[],{"loose":true}],[[],null],[[],null],[[],null],[[],null],[[],null],[[],null],[[],null],[[],{"loose":true}],[[],null],[[],null],[[],null],[[],null],[[],null],[[],null],[[],null],[[],null]],"ignore":[],"code":true,"metadata":true,"ast":false,"comments":true,"compact":false,"minified":false,"sourceMap":true,"sourceMaps":true,"sourceMapTarget":"/packages/webapp/webapp_client.js.map","sourceFileName":"/packages/webapp/webapp_client.js","babelrc":false,"sourceType":"module","moduleIds":false,"passPerPreset":false,"basename":"webapp_client"},"ignored":false,"code":"WebApp = {\n\n  _isCssLoaded: function _isCssLoaded() {\n    if (document.styleSheets.length === 0) return true;\n\n    return _.find(document.styleSheets, function (sheet) {\n      if (sheet.cssText && !sheet.cssRules) // IE8\n        return !sheet.cssText.match(/meteor-css-not-found-error/);\n      return !_.find(sheet.cssRules, function (rule) {\n        return rule.selectorText === '.meteor-css-not-found-error';\n      });\n    });\n  }\n};","ast":null,"map":{"version":3,"sources":["/packages/webapp/webapp_client.js"],"names":[],"mappings":"AAAA,SAAS;;AAEP,gBAAc,wBAAY;AACxB,QAAI,SAAS,WAAT,CAAqB,MAArB,KAAgC,CAApC,EACE,OAAO,IAAP;;AAEF,WAAO,EAAE,IAAF,CAAO,SAAS,WAAhB,EAA6B,UAAU,KAAV,EAAiB;AACnD,UAAI,MAAM,OAAN,IAAiB,CAAC,MAAM,QAA5B,E;AACE,eAAO,CAAC,MAAM,OAAN,CAAc,KAAd,CAAoB,4BAApB,CAAR;AACF,aAAO,CAAC,EAAE,IAAF,CAAO,MAAM,QAAb,EAAuB,UAAU,IAAV,EAAgB;AAC7C,eAAO,KAAK,YAAL,KAAsB,6BAA7B;AACD,OAFO,CAAR;AAGD,KANM,CAAP;AAOD;AAbM,CAAT","file":"/packages/webapp/webapp_client.js.map","sourcesContent":["WebApp = {\n\n  _isCssLoaded: function () {\n    if (document.styleSheets.length === 0)\n      return true;\n\n    return _.find(document.styleSheets, function (sheet) {\n      if (sheet.cssText && !sheet.cssRules) // IE8\n        return !sheet.cssText.match(/meteor-css-not-found-error/);\n      return !_.find(sheet.cssRules, function (rule) {\n        return rule.selectorText === '.meteor-css-not-found-error';\n      });\n    });\n  }\n};\n"]},"hash":"b2745cffeab5f2df7b67c00122db928d8b7464d5"}
