{"metadata":{"usedHelpers":[],"marked":[],"modules":{"imports":[{"source":"react","imported":["default"],"specifiers":[{"kind":"named","imported":"default","local":"React"}]},{"source":"meteor/meteor","imported":["Meteor"],"specifiers":[{"kind":"named","imported":"Meteor","local":"Meteor"}]},{"source":"react-dom","imported":["render"],"specifiers":[{"kind":"named","imported":"render","local":"render"}]},{"source":"../imports/ui/App.jsx","imported":["default"],"specifiers":[{"kind":"named","imported":"default","local":"App"}]}],"exports":{"exported":[],"specifiers":[]}}},"options":{"filename":"/client/main.jsx","filenameRelative":"/client/main.jsx","env":{},"retainLines":false,"highlightCode":true,"suppressDeprecationMessages":false,"presets":[],"plugins":[[[],{"polyfill":false}],[[],null],[[],null],[[],null],[[],null],[[],null],[[],null],[[],null],[[],null],[[],null],[[],null],[[],null],[[],null],[[],null],[[],null],[[],null],[[],{"loose":true}],[[],{"loose":true}],[[],null],[[],{"loose":true}],[[],null],[[],null],[[],null],[[],null],[[],null],[[],null],[[],null],[[],{"loose":true}],[[],null],[[],null],[[],null],[[],null],[[],null],[[],null],[[],null],[[],null]],"ignore":[],"code":true,"metadata":true,"ast":false,"comments":true,"compact":false,"minified":false,"sourceMap":true,"sourceMaps":true,"sourceMapTarget":"/client/main.jsx.map","sourceFileName":"/client/main.jsx","babelrc":false,"sourceType":"module","moduleIds":false,"passPerPreset":false,"basename":"main"},"ignored":false,"code":"var React;module.import('react',{\"default\":function(v){React=v}});var Meteor;module.import('meteor/meteor',{\"Meteor\":function(v){Meteor=v}});var render;module.import('react-dom',{\"render\":function(v){render=v}});var App;module.import('../imports/ui/App.jsx',{\"default\":function(v){App=v}});\n\n\n\n\n\nMeteor.startup(function () {\n  render(React.createElement(App, null), document.getElementById('render-target'));\n});","ast":null,"map":{"version":3,"sources":["/client/main.jsx"],"names":[],"mappings":"AAAA,OAAO,KAAP,MAAkB,OAAlB;AACA,SAAS,MAAT,QAAuB,eAAvB;AACA,SAAS,MAAT,QAAuB,WAAvB;;AAEA,OAAO,GAAP,MAAgB,uBAAhB;;AAEA,OAAO,OAAP,CAAe,YAAM;AACnB,SAAO,oBAAC,GAAD,OAAP,EAAgB,SAAS,cAAT,CAAwB,eAAxB,CAAhB;AACD,CAFD","file":"/client/main.jsx.map","sourcesContent":["import React from 'react';\nimport { Meteor } from 'meteor/meteor';\nimport { render } from 'react-dom';\n\nimport App from '../imports/ui/App.jsx';\n\nMeteor.startup(() => {\n  render(<App />, document.getElementById('render-target'));\n});\n"]},"hash":"bab50054d95e9d3b168cf04dbd16b53dae1c5bb0"}
