{"metadata":{"usedHelpers":[],"marked":[],"modules":{"imports":[{"source":"meteor/mongo","imported":["Mongo"],"specifiers":[{"kind":"named","imported":"Mongo","local":"Mongo"}]}],"exports":{"exported":["Tasks"],"specifiers":[{"kind":"local","local":"Tasks","exported":"Tasks"}]}}},"options":{"filename":"/imports/api/tasks.js","filenameRelative":"/imports/api/tasks.js","env":{},"retainLines":false,"highlightCode":true,"suppressDeprecationMessages":false,"presets":[],"plugins":[[[],{"polyfill":false}],[[],null],[[],null],[[],null],[[],null],[[],null],[[],null],[[],null],[[],null],[[],null],[[],null],[[],null],[[],null],[[],null],[[],{"loose":true}],[[],{"loose":true}],[[],null],[[],{"loose":true}],[[],null],[[],null],[[],null],[[],null],[[],null],[[],null],[[],null],[[],{"loose":true}],[[],null],[[],null],[[],null],[[],null],[[],null],[[],null],[[],null],[[],null]],"ignore":[],"code":true,"metadata":true,"ast":false,"comments":true,"compact":false,"minified":false,"sourceMap":true,"sourceMaps":true,"sourceMapTarget":"/imports/api/tasks.js.map","sourceFileName":"/imports/api/tasks.js","babelrc":false,"sourceType":"module","moduleIds":false,"passPerPreset":false,"basename":"tasks"},"ignored":false,"code":"module.export({Tasks:function(){return Tasks}});var Mongo;module.import('meteor/mongo',{\"Mongo\":function(v){Mongo=v}});\n\nvar Tasks = new Mongo.Collection('tasks');","ast":null,"map":{"version":3,"sources":["/imports/api/tasks.js"],"names":[],"mappings":"AAAA,SAAS,KAAT,QAAsB,cAAtB;;AAEA,OAAO,IAAM,QAAQ,IAAI,MAAM,UAAV,CAAqB,OAArB,CAAd","file":"/imports/api/tasks.js.map","sourcesContent":["import { Mongo } from 'meteor/mongo';\n\nexport const Tasks = new Mongo.Collection('tasks');\n"]},"hash":"d7d0340e7d34dad822c9416eccb12f34cb848eb0"}
